{
  "menu": [
    {
      "name": "Dashboard",
      "icon": "menu-icon tf-icons mdi mdi-home-outline-outline",
      "url": "/dashboards",
      "slug": "dashboards"
    },
    {
      "name": "Branch Management",
      "icon": "menu-icon tf-icons mdi mdi-sitemap-outline",
      "slug": "branch",
      "submenu": [
        {
          "url": "/company",
          "name": "Manage Company",
          "slug": "branch-management-manage-company"
        },
        {
          "url": "/entity",
          "name": "Manage Entity",
          "slug": "branch-management-manage-entity"
        },
        {
          "url": "/branch",
          "name": "Manage Branch",
          "slug": "branch-management-manage-branch"
        }
      ]
    },
    {
      "name": "Lead Management",
      "icon": "menu-icon tf-icons mdi mdi-network-pos",
      "slug": "lead-management",
      "submenu": [
        {
          "url": "/manage_lead",
          "name": "Manage Lead",
          "slug": "lead-management-manage-lead"
        },
        {
          "url": "/manage_requirements",
          "name": "Manage Requirments",
          "slug": "lead-management-manage-requirments"
        },
        {
          "url": "/manage_proposal",
          "name": "Manage Proposal",
          "slug": "lead-management-manage-proposal"
        }
      ]
    },
    {
      "name": "Customer Management",
      "icon": "menu-icon tf-icons mdi mdi-account-outline",
      "slug": "customer-management",
      "submenu": [
        {
          "url": "/manage_customer",
          "name": "Manage Customer",
          "slug": "customer-management-manage-customer"
        },
        {
          "url": "/manage_invoice",
          "name": "Manage Invoice",
          "slug": "customer-management-manage-invoice"
        },
        {
          "url": "/manage_nda",
          "name": "Manage NDA",
          "slug": "customer-management-manage-nda"
        }
      ]
    },
    {
      "name": "Service Management",
      "icon": "menu-icon tf-icons mdi mdi-book-open-page-variant-outline",
      "slug": "service",
      "submenu": [
        {
          "url": "/services/manage_service",
          "name": "Manage Services",
          "slug": "service-manage-service"
        },
        {
          "url": "/services/manage_packages",
          "name": "Manage Packages",
          "slug": "service-manage-package"
        },
        {
          "url": "/services/manage_add_on",
          "name": "Manage Add-On-Services",
          "slug": "service-manage-add-on"
        }
      ]
    },
    {
      "name": "Journal Management",
      "icon": "menu-icon tf-icons mdi mdi-newspaper-variant-outline",
      "slug": "journal",
      "submenu": [
        {
          "name": "Journal Booklet",
          "slug": ""
        },
        {
          "name": "Journal Monitor",
          "slug": ""
        },
        {
          "name": "Journal Executive",
          "slug": ""
        }
      ]
    },
    {
      "name": "Customer Care",
      "icon": "menu-icon tf-icons mdi mdi-face-agent",
      "slug": "customer_care",
      "submenu": [
        {
          "url": "",
          "name": "List",
          "slug": ""
        }
      ]
    },
    {
      "name": "HR Management",
      "icon": "menu-icon tf-icons mdi mdi-account-group-outline",
      "slug": "hr-management",
      "submenu": [
        {
          "url": "/hr_management/staff",
          "name": "Manage Staff",
          "slug": "hr-management-staff"
        },
        {
          "url": "/hr_management/staff_attendance",
          "name": "Manage Attendance",
          "slug": "hr-management-staff-attendance"
        }
      ]
    },
    {
      "name": "Accounts Management",
      "icon": "menu-icon tf-icons mdi mdi-cash-multiple",
      "slug": "accounts",
      "submenu": [
        {
          "url": "/accounts/daily_accounts",
          "name": "Daily Accounts",
          "slug": "accounts-daily-accounts"
        },
        {
          "url": "/accounts/profit_loss",
          "name": "Profit & Loss",
          "slug": "accounts-profit-loss"
        },
        {
          "url": "/accounts/trial_balance",
          "name": "Trial Balance",
          "slug": "accounts-trial-balance"
        }
      ]
    },
    {
      "name": "Users Management",
      "icon": "menu-icon tf-icons mdi mdi-target-account",
      "slug": "users",
      "submenu": [
        {
          "url": "/users/manage_users",
          "name": "Manage Users",
          "slug": "users-manage-users"
        },
        {
          "url": "/users/user_role",
          "name": "User Role",
          "slug": "users-role"
        }
      ]
    },
    {
      "name": "Reports",
      "icon": "menu-icon tf-icons mdi mdi-file-chart-outline",
      "slug": "reports",
      "submenu": [
        {
          "url": "app/user/list",
          "name": "List",
          "slug": "app-user-list"
        },
        {
          "name": "View",
          "slug": "app-user-view",
          "submenu": [
            {
              "url": "#",
              "name": "Account",
              "slug": "app-user-view-account"
            }
          ]
        }
      ]
    },
    {
      "name": "Settings",
      "icon": "menu-icon tf-icons mdi mdi-cogs",
      "slug": "settings",
      "submenu": [
        {
          "url": "settings/general_settings",
          "name": "General Settings",
          "slug": "settings-general-settings"
        },
        {
          "url": "settings/base",
          "name": "Base",
          "slug": "settings-base-settings"
        },
        {
          "url": "settings/common_settings",
          "name": "Common ui",
          "slug": "settings-common-ui"
        },
        {
          "url": "/settings/common/country",
          "name": "Common",
          "slug": "settings-common-settings"
        },
        {
          "url": "/settings/lead",
          "name": "Lead UI",
          "slug": "settings-lead-ui"
        },
        {
          "url": "/settings/lead/lead_source",
          "name": "Lead",
          "slug": "settings-lead-settings"
        },
        {
          "url": "/settings/quotation",
          "name": "Quotation",
          "slug": "settings-quotation-settings"
        },
        {
          "url": "/settings/invoice",
          "name": "Invoice",
          "slug": "settings-invoice-settings"
        },
        {
          "url": "/settings/services",
          "name": "Services",
          "slug": "settings-service-settings"
        },
        {
          "url": "/settings/journal",
          "name": "Journal",
          "slug": "settings-journal-settings"
        },
        {
          "url": "/settings/hrm",
          "name": "HRM",
          "slug": "settings-hrm-settings"
        },
        {
          "url": "/settings/accounts",
          "name": "Accounts",
          "slug": "settings-accounts-settings"
        }
      ]
    }
  ]
}