{"v":"4.8.0","meta":{"g":"LottieFiles AE ","a":"","k":"","d":"","tc":""},"fr":29.9700012207031,"ip":0,"op":91.000003706506,"w":1080,"h":1080,"nm":"New 04","ddd":0,"assets":[],"layers":[{"ddd":0,"ind":1,"ty":4,"nm":"New","td":1,"sr":1,"ks":{"o":{"a":0,"k":100,"ix":11},"r":{"a":0,"k":0,"ix":10},"p":{"a":0,"k":[540,540,0],"ix":2},"a":{"a":0,"k":[936.429,222.916,0],"ix":1},"s":{"a":0,"k":[263.368,263.368,100],"ix":6}},"ao":0,"shapes":[{"ty":"gr","it":[{"ty":"gr","it":[{"ind":0,"ty":"sh","ix":1,"ks":{"a":0,"k":{"i":[[0,0],[0,0],[0,0],[0,0],[0,0],[0,0],[0,0],[0,0],[0,0],[0,0]],"o":[[0,0],[0,0],[0,0],[0,0],[0,0],[0,0],[0,0],[0,0],[0,0],[0,0]],"v":[[-47.245,-29.382],[-47.245,-45.319],[-33.573,-45.319],[-33.573,-52.872],[-55.553,-52.872],[-55.553,0],[-47.245,0],[-47.245,-21.828],[-36.519,-21.828],[-36.519,-29.382]],"c":true},"ix":2},"nm":"F","mn":"ADBE Vector Shape - Group","hd":false},{"ty":"fl","c":{"a":0,"k":[1,1,1,1],"ix":4},"o":{"a":0,"k":100,"ix":5},"r":1,"bm":0,"nm":"Fill 1","mn":"ADBE Vector Graphic - Fill","hd":false},{"ty":"tr","p":{"a":0,"k":[927.816,258.063],"ix":2},"a":{"a":0,"k":[-33.561,-26.424],"ix":1},"s":{"a":1,"k":[{"i":{"x":[0,0],"y":[1,1]},"o":{"x":[0.333,0.333],"y":[0,0]},"t":25,"s":[0,0]},{"t":55.0000022401959,"s":[100,100]}],"ix":3},"r":{"a":0,"k":-90,"ix":6},"o":{"a":0,"k":100,"ix":7},"sk":{"a":0,"k":0,"ix":4},"sa":{"a":0,"k":0,"ix":5},"nm":"Transform"}],"nm":"F","np":3,"cix":2,"bm":0,"ix":1,"mn":"ADBE Vector Group","hd":false},{"ty":"gr","it":[{"ind":0,"ty":"sh","ix":1,"ks":{"a":0,"k":{"i":[[-0.453,-1.36],[0,0],[0,2.568],[0,0],[4.154,1.737],[0,5.438],[0,0],[8.611,0],[0,0],[0,0],[0,0],[0,0],[0,0],[0,-4.91],[0,0]],"o":[[0,0],[-0.831,-1.964],[0,0],[0,-5.514],[3.701,-1.737],[0,0],[0,-8.157],[0,0],[0,0],[0,0],[0,0],[0,0],[3.777,0],[0,0],[0,4.305]],"v":[[-9.381,0],[-0.922,0],[-1.828,-6.42],[-1.828,-14.577],[-7.342,-25.832],[-1.904,-36.557],[-1.904,-40.711],[-14.215,-52.872],[-26.753,-52.872],[-26.753,0],[-18.445,0],[-18.445,-21.526],[-15.575,-21.526],[-10.137,-14.804],[-10.137,-6.496]],"c":true},"ix":2},"nm":"R","mn":"ADBE Vector Shape - Group","hd":false},{"ind":1,"ty":"sh","ix":2,"ks":{"a":0,"k":{"i":[[0,0],[0,0],[0,-3.777],[0,0],[3.097,0],[0,0]],"o":[[0,0],[2.946,0],[0,0],[0,4.23],[0,0],[0,0]],"v":[[-18.445,-45.319],[-14.442,-45.319],[-10.212,-39.88],[-10.212,-34.669],[-15.197,-29.079],[-18.445,-29.079]],"c":true},"ix":2},"nm":"R","mn":"ADBE Vector Shape - Group","hd":false},{"ty":"mm","mm":1,"nm":"Merge Paths 1","mn":"ADBE Vector Filter - Merge","hd":false},{"ty":"fl","c":{"a":0,"k":[1,1,1,1],"ix":4},"o":{"a":0,"k":100,"ix":5},"r":1,"bm":0,"nm":"Fill 1","mn":"ADBE Vector Graphic - Fill","hd":false},{"ty":"tr","p":{"a":0,"k":[927.598,225.357],"ix":2},"a":{"a":0,"k":[-0.872,-26.601],"ix":1},"s":{"a":1,"k":[{"i":{"x":[0,0],"y":[1,1]},"o":{"x":[0.333,0.333],"y":[0,0]},"t":23,"s":[0,0]},{"t":53.0000021587343,"s":[100,100]}],"ix":3},"r":{"a":0,"k":-90,"ix":6},"o":{"a":0,"k":100,"ix":7},"sk":{"a":0,"k":0,"ix":4},"sa":{"a":0,"k":0,"ix":5},"nm":"Transform"}],"nm":"R","np":5,"cix":2,"bm":0,"ix":2,"mn":"ADBE Vector Group","hd":false},{"ty":"gr","it":[{"ind":0,"ty":"sh","ix":1,"ks":{"a":0,"k":{"i":[[0,0],[0,0],[0,0],[0,0],[0,0],[0,0],[0,0],[0,0],[0,0],[0,0],[0,0],[0,0]],"o":[[0,0],[0,0],[0,0],[0,0],[0,0],[0,0],[0,0],[0,0],[0,0],[0,0],[0,0],[0,0]],"v":[[14.704,-30.59],[14.704,-45.319],[29.055,-45.319],[29.055,-52.872],[6.396,-52.872],[6.396,0],[29.055,0],[29.055,-7.553],[14.704,-7.553],[14.704,-23.037],[26.11,-23.037],[26.11,-30.59]],"c":true},"ix":2},"nm":"E","mn":"ADBE Vector Shape - Group","hd":false},{"ty":"fl","c":{"a":0,"k":[1,1,1,1],"ix":4},"o":{"a":0,"k":100,"ix":5},"r":1,"bm":0,"nm":"Fill 1","mn":"ADBE Vector Graphic - Fill","hd":false},{"ty":"tr","p":{"a":0,"k":[927.38,195.486],"ix":2},"a":{"a":0,"k":[28.999,-26.819],"ix":1},"s":{"a":1,"k":[{"i":{"x":[0,0],"y":[1,1]},"o":{"x":[0.333,0.333],"y":[0,0]},"t":21,"s":[0,0]},{"t":51.0000020772726,"s":[100,100]}],"ix":3},"r":{"a":0,"k":-90,"ix":6},"o":{"a":0,"k":100,"ix":7},"sk":{"a":0,"k":0,"ix":4},"sa":{"a":0,"k":0,"ix":5},"nm":"Transform"}],"nm":"E","np":3,"cix":2,"bm":0,"ix":3,"mn":"ADBE Vector Group","hd":false},{"ty":"gr","it":[{"ind":0,"ty":"sh","ix":1,"ks":{"a":0,"k":{"i":[[0,0],[0,0],[0,0],[0,0],[0,0],[0,0],[0,0],[0,0],[0,0],[0,0],[0,0],[0,0]],"o":[[0,0],[0,0],[0,0],[0,0],[0,0],[0,0],[0,0],[0,0],[0,0],[0,0],[0,0],[0,0]],"v":[[45.304,-30.59],[45.304,-45.319],[59.655,-45.319],[59.655,-52.872],[36.996,-52.872],[36.996,0],[59.655,0],[59.655,-7.553],[45.304,-7.553],[45.304,-23.037],[56.709,-23.037],[56.709,-30.59]],"c":true},"ix":2},"nm":"E","mn":"ADBE Vector Shape - Group","hd":false},{"ty":"fl","c":{"a":0,"k":[1,1,1,1],"ix":4},"o":{"a":0,"k":100,"ix":5},"r":1,"bm":0,"nm":"Fill 1","mn":"ADBE Vector Graphic - Fill","hd":false},{"ty":"tr","p":{"a":0,"k":[927.598,164.742],"ix":2},"a":{"a":0,"k":[59.743,-26.601],"ix":1},"s":{"a":1,"k":[{"i":{"x":[0,0],"y":[1,1]},"o":{"x":[0.333,0.333],"y":[0,0]},"t":19,"s":[0,0]},{"t":49.0000019958109,"s":[100,100]}],"ix":3},"r":{"a":0,"k":-90,"ix":6},"o":{"a":0,"k":100,"ix":7},"sk":{"a":0,"k":0,"ix":4},"sa":{"a":0,"k":0,"ix":5},"nm":"Transform"}],"nm":"E 2","np":3,"cix":2,"bm":0,"ix":4,"mn":"ADBE Vector Group","hd":false},{"ty":"tr","p":{"a":0,"k":[927.763,211.423],"ix":2},"a":{"a":0,"k":[927.763,222.434],"ix":1},"s":{"a":0,"k":[87.07,87.07],"ix":3},"r":{"a":0,"k":0,"ix":6},"o":{"a":0,"k":100,"ix":7},"sk":{"a":0,"k":0,"ix":4},"sa":{"a":0,"k":0,"ix":5},"nm":"Transform"}],"nm":"Group 3","np":4,"cix":2,"bm":0,"ix":1,"mn":"ADBE Vector Group","hd":false},{"ty":"gr","it":[{"ind":0,"ty":"sh","ix":1,"ks":{"a":0,"k":{"i":[[0.001,0.026],[0,0],[0,0],[-5.714,0],[0,0],[0,0],[0.096,0],[0,-5.714],[0,0],[0,0],[0,-0.007],[0,0],[0,0],[-1.605,0.002],[-0.013,0],[-1.158,1.084]],"o":[[0,0],[0,0],[0,-5.714],[0,0],[0,0],[-0.095,-0.002],[-5.714,0],[0,0],[0,0],[-0.001,0.007],[0,0.021],[0,0],[1.167,1.103],[0.013,0],[1.587,0.018],[0,0]],"v":[[36.969,67.819],[36.969,57.47],[36.969,-92.105],[47.314,-102.452],[-36.686,-102.452],[-36.686,-102.437],[-36.968,-102.452],[-47.314,-92.105],[-47.314,67.819],[-47.305,67.819],[-47.307,67.819],[-47.307,67.819],[-9.63,100.729],[-5.313,102.434],[-5.273,102.434],[-1.001,100.749]],"c":true},"ix":2},"nm":"Path 1","mn":"ADBE Vector Shape - Group","hd":false},{"ty":"fl","c":{"a":0,"k":[0.964630126953,0,0.145080566406,1],"ix":4},"o":{"a":0,"k":100,"ix":5},"r":1,"bm":0,"nm":"Fill 1","mn":"ADBE Vector Graphic - Fill","hd":false},{"ty":"tr","p":{"a":0,"k":[932.973,237.223],"ix":2},"a":{"a":0,"k":[0,0],"ix":1},"s":{"a":0,"k":[100,100],"ix":3},"r":{"a":0,"k":0,"ix":6},"o":{"a":0,"k":100,"ix":7},"sk":{"a":0,"k":0,"ix":4},"sa":{"a":0,"k":0,"ix":5},"nm":"Transform"}],"nm":"Group 4","np":2,"cix":2,"bm":0,"ix":2,"mn":"ADBE Vector Group","hd":false}],"ip":15.0000006109625,"op":91.000003706506,"st":15.0000006109625,"bm":0},{"ddd":0,"ind":2,"ty":4,"nm":"Shape Layer 4","tt":1,"sr":1,"ks":{"o":{"a":0,"k":100,"ix":11},"r":{"a":0,"k":16.046,"ix":10},"p":{"a":0,"k":[357,819,0],"ix":2},"a":{"a":0,"k":[-43,-187,0],"ix":1},"s":{"a":0,"k":[100,100,100],"ix":6}},"ao":0,"shapes":[{"ty":"gr","it":[{"ty":"gr","it":[{"ind":0,"ty":"sh","ix":1,"ks":{"a":0,"k":{"i":[[0,9.894],[0,0],[0,0],[0,0],[-6.111,-5.042],[-8.344,0],[-5.725,5.82],[0,10.672],[0,0],[5.529,5.82],[10.085,0],[5.625,-5.82],[0,-9.894],[0,0],[0,0],[0,0],[4.947,4.27],[7.757,0],[5.625,-5.82],[0,-10.667],[0,0],[-5.629,-5.72],[-10.089,0],[-5.529,5.725]],"o":[[0,0],[0,0],[0,0],[10.28,13.968],[6.111,5.047],[10.085,0],[5.72,-5.82],[0,0],[0,-9.894],[-5.529,-5.82],[-10.09,0],[-5.629,5.82],[0,0],[0,0],[0,0],[-9.312,-12.804],[-4.947,-4.265],[-9.894,0],[-5.629,5.82],[0,0],[0,9.894],[5.625,5.725],[10.085,0],[5.529,-5.72]],"v":[[-622.446,-29.973],[-622.737,-101.268],[-622.155,-101.268],[-572.685,-34.047],[-548.095,-5.529],[-526.416,2.037],[-502.699,-6.693],[-494.115,-31.428],[-494.115,-179.547],[-502.408,-203.118],[-525.834,-211.848],[-549.405,-203.118],[-557.844,-179.547],[-557.553,-103.596],[-558.135,-103.596],[-614.007,-179.838],[-635.395,-205.446],[-654.456,-211.848],[-677.736,-203.118],[-686.175,-178.383],[-686.175,-29.973],[-677.736,-6.548],[-654.165,2.037],[-630.739,-6.548]],"c":true},"ix":2},"nm":"N","mn":"ADBE Vector Shape - Group","hd":false},{"ty":"fl","c":{"a":0,"k":[1,1,1,1],"ix":4},"o":{"a":0,"k":100,"ix":5},"r":1,"bm":0,"nm":"Fill 1","mn":"ADBE Vector Graphic - Fill","hd":false},{"ty":"tr","p":{"a":1,"k":[{"i":{"x":0,"y":1},"o":{"x":0.333,"y":0},"t":20,"s":[340.547,11.926],"to":[-155.167,-1.988],"ti":[155.167,1.988]},{"t":50.0000020365418,"s":[-590.456,0]}],"ix":2},"a":{"a":0,"k":[-590.456,0],"ix":1},"s":{"a":0,"k":[100,100],"ix":3},"r":{"a":0,"k":0,"ix":6},"o":{"a":0,"k":100,"ix":7},"sk":{"a":0,"k":0,"ix":4},"sa":{"a":0,"k":0,"ix":5},"nm":"Transform"}],"nm":"N","np":2,"cix":2,"bm":0,"ix":1,"mn":"ADBE Vector Group","hd":false},{"ty":"gr","it":[{"ind":0,"ty":"sh","ix":1,"ks":{"a":0,"k":{"i":[[-4.365,4.365],[0,7.566],[4.46,4.465],[7.566,0],[0,0],[0,0],[0,0],[-4.656,4.561],[0,7.957],[4.751,4.561],[7.757,0],[0,0],[0,0],[0,0],[-4.465,4.465],[0,7.566],[4.46,4.465],[7.566,0],[0,0],[5.72,-5.82],[0,-10.667],[0,0],[-5.725,-5.72],[-10.867,0],[0,0]],"o":[[4.365,-4.365],[0,-7.566],[-4.465,-4.46],[0,0],[0,0],[0,0],[7.757,0],[4.656,-4.556],[0,-7.952],[-4.756,-4.556],[0,0],[0,0],[0,0],[7.566,0],[4.46,-4.46],[0,-7.566],[-4.465,-4.46],[0,0],[-10.867,0],[-5.725,5.82],[0,0],[0,10.867],[5.72,5.725],[0,0],[7.566,0]],"v":[[-318.498,-4.51],[-311.951,-22.407],[-318.644,-40.449],[-336.686,-47.142],[-392.558,-47.142],[-392.558,-79.152],[-345.998,-79.152],[-327.374,-85.991],[-320.39,-104.76],[-327.519,-123.53],[-346.289,-130.368],[-392.558,-130.368],[-392.558,-162.378],[-336.686,-162.378],[-318.644,-169.071],[-311.951,-187.113],[-318.644,-205.155],[-336.686,-211.848],[-422.822,-211.848],[-447.702,-203.118],[-456.287,-178.383],[-456.287,-31.428],[-447.702,-6.548],[-422.822,2.037],[-336.395,2.037]],"c":true},"ix":2},"nm":"E","mn":"ADBE Vector Shape - Group","hd":false},{"ty":"fl","c":{"a":0,"k":[1,1,1,1],"ix":4},"o":{"a":0,"k":100,"ix":5},"r":1,"bm":0,"nm":"Fill 1","mn":"ADBE Vector Graphic - Fill","hd":false},{"ty":"tr","p":{"a":1,"k":[{"i":{"x":0,"y":1},"o":{"x":0.333,"y":0},"t":23,"s":[546.862,11.926],"to":[-155.167,-1.988],"ti":[155.167,1.988]},{"t":53.0000021587343,"s":[-384.142,0]}],"ix":2},"a":{"a":0,"k":[-384.142,0],"ix":1},"s":{"a":0,"k":[100,100],"ix":3},"r":{"a":0,"k":0,"ix":6},"o":{"a":0,"k":100,"ix":7},"sk":{"a":0,"k":0,"ix":4},"sa":{"a":0,"k":0,"ix":5},"nm":"Transform"}],"nm":"E","np":2,"cix":2,"bm":0,"ix":2,"mn":"ADBE Vector Group","hd":false},{"ty":"gr","it":[{"ind":0,"ty":"sh","ix":1,"ks":{"a":0,"k":{"i":[[-5.82,7.084],[-4.269,15.523],[0,0],[0,0],[0,0],[-5.92,-7.175],[-11.64,0],[-5.92,6.598],[-5.047,17.074],[0,0],[5.915,7.375],[11.64,0],[4.46,-4.265],[2.519,-10.28],[0,0],[0,0],[0,0],[5.429,5.143],[9.117,0],[5.82,-5.042],[2.91,-12.026],[0,0],[0,0],[0,0],[4.365,4.465],[9.894,0],[5.529,-7.37],[-3.301,-10.862],[0,0],[-5.725,-6.302],[-11.64,0]],"o":[[5.82,-7.079],[0,0],[0,0],[0,0],[3.878,15.714],[5.916,7.18],[11.64,0],[5.915,-6.593],[0,0],[3.492,-10.862],[-5.92,-7.37],[-9.121,0],[-4.465,4.27],[0,0],[0,0],[0,0],[-2.91,-11.831],[-5.434,-5.138],[-10.09,0],[-5.82,5.047],[0,0],[0,0],[0,0],[-2.523,-9.894],[-4.365,-4.46],[-11.836,0],[-5.529,7.375],[0,0],[5.042,16.296],[5.72,6.307],[11.249,0]],"v":[[-184.49,-8.585],[-169.358,-42.486],[-151.316,-112.617],[-150.734,-112.617],[-133.565,-43.068],[-118.869,-8.73],[-92.534,2.037],[-66.198,-7.857],[-49.757,-43.359],[-8.144,-173.436],[-11.781,-200.79],[-38.117,-211.848],[-58.487,-205.446],[-68.963,-183.621],[-92.825,-86.718],[-93.407,-86.718],[-115.523,-178.674],[-128.036,-204.137],[-149.861,-211.848],[-173.723,-204.282],[-186.818,-178.674],[-208.934,-86.718],[-209.516,-86.718],[-233.378,-183.621],[-243.708,-205.155],[-265.097,-211.848],[-291.141,-200.79],[-294.488,-173.436],[-252.293,-41.322],[-236.142,-7.421],[-210.098,2.037]],"c":true},"ix":2},"nm":"W","mn":"ADBE Vector Shape - Group","hd":false},{"ty":"fl","c":{"a":0,"k":[1,1,1,1],"ix":4},"o":{"a":0,"k":100,"ix":5},"r":1,"bm":0,"nm":"Fill 1","mn":"ADBE Vector Graphic - Fill","hd":false},{"ty":"tr","p":{"a":1,"k":[{"i":{"x":0,"y":1},"o":{"x":0.333,"y":0},"t":26,"s":[780.8,11.926],"to":[-155.167,-1.988],"ti":[155.167,1.988]},{"t":56.0000022809268,"s":[-150.204,0]}],"ix":2},"a":{"a":0,"k":[-150.204,0],"ix":1},"s":{"a":0,"k":[100,100],"ix":3},"r":{"a":0,"k":0,"ix":6},"o":{"a":0,"k":100,"ix":7},"sk":{"a":0,"k":0,"ix":4},"sa":{"a":0,"k":0,"ix":5},"nm":"Transform"}],"nm":"W","np":2,"cix":2,"bm":0,"ix":3,"mn":"ADBE Vector Group","hd":false},{"ty":"tr","p":{"a":0,"k":[33.169,-516.152],"ix":2},"a":{"a":0,"k":[-346.187,-104.906],"ix":1},"s":{"a":0,"k":[38.987,38.987],"ix":3},"r":{"a":0,"k":-106.78,"ix":6},"o":{"a":0,"k":100,"ix":7},"sk":{"a":0,"k":0,"ix":4},"sa":{"a":0,"k":0,"ix":5},"nm":"Transform"}],"nm":"Group 1","np":3,"cix":2,"bm":0,"ix":1,"mn":"ADBE Vector Group","hd":false},{"ty":"gr","it":[{"ty":"rc","d":1,"s":{"a":0,"k":[714,26],"ix":2},"p":{"a":0,"k":[0,0],"ix":3},"r":{"a":0,"k":0,"ix":4},"nm":"Rectangle Path 1","mn":"ADBE Vector Shape - Rect","hd":false},{"ty":"fl","c":{"a":0,"k":[1,1,1,1],"ix":4},"o":{"a":0,"k":100,"ix":5},"r":1,"bm":0,"nm":"Fill 1","mn":"ADBE Vector Graphic - Fill","hd":false},{"ty":"tr","p":{"a":1,"k":[{"i":{"x":0,"y":1},"o":{"x":0.333,"y":0},"t":25,"s":[-43,-834.078],"to":[0,107.846],"ti":[0,-107.846]},{"t":90.0000036657751,"s":[-43,-187]}],"ix":2},"a":{"a":0,"k":[0,0],"ix":1},"s":{"a":0,"k":[100,100],"ix":3},"r":{"a":0,"k":0,"ix":6},"o":{"a":0,"k":25,"ix":7},"sk":{"a":0,"k":0,"ix":4},"sa":{"a":0,"k":0,"ix":5},"nm":"Transform"}],"nm":"Rectangle 2","np":2,"cix":2,"bm":0,"ix":2,"mn":"ADBE Vector Group","hd":false},{"ty":"gr","it":[{"ty":"rc","d":1,"s":{"a":0,"k":[714,26],"ix":2},"p":{"a":0,"k":[0,0],"ix":3},"r":{"a":0,"k":0,"ix":4},"nm":"Rectangle Path 1","mn":"ADBE Vector Shape - Rect","hd":false},{"ty":"fl","c":{"a":0,"k":[1,1,1,1],"ix":4},"o":{"a":0,"k":100,"ix":5},"r":1,"bm":0,"nm":"Fill 1","mn":"ADBE Vector Graphic - Fill","hd":false},{"ty":"tr","p":{"a":1,"k":[{"i":{"x":0,"y":1},"o":{"x":0.333,"y":0},"t":20,"s":[-43,-801.641],"to":[0,102.44],"ti":[0,-102.44]},{"t":85.000003462121,"s":[-43,-187]}],"ix":2},"a":{"a":0,"k":[0,0],"ix":1},"s":{"a":0,"k":[100,100],"ix":3},"r":{"a":0,"k":0,"ix":6},"o":{"a":0,"k":25,"ix":7},"sk":{"a":0,"k":0,"ix":4},"sa":{"a":0,"k":0,"ix":5},"nm":"Transform"}],"nm":"Rectangle 1","np":2,"cix":2,"bm":0,"ix":3,"mn":"ADBE Vector Group","hd":false}],"ip":20.0000008146167,"op":91.000003706506,"st":-55.0000022401959,"bm":0},{"ddd":0,"ind":3,"ty":4,"nm":"Shape Layer 3","td":1,"sr":1,"ks":{"o":{"a":0,"k":100,"ix":11},"r":{"a":0,"k":0,"ix":10},"p":{"a":0,"k":[538,540.5,0],"ix":2},"a":{"a":0,"k":[14,0.5,0],"ix":1},"s":{"a":0,"k":[100,100,100],"ix":6}},"ao":0,"shapes":[{"ty":"gr","it":[{"ind":0,"ty":"sh","ix":1,"ks":{"a":0,"k":{"i":[[0,0],[0,0]],"o":[[0,0],[0,0]],"v":[[14,342],[14,-270]],"c":false},"ix":2},"nm":"Path 1","mn":"ADBE Vector Shape - Group","hd":false},{"ty":"st","c":{"a":0,"k":[0.113725490196,0.392156862745,0.423529411765,1],"ix":3},"o":{"a":0,"k":100,"ix":4},"w":{"a":0,"k":275,"ix":5},"lc":1,"lj":1,"ml":4,"bm":0,"nm":"Stroke 1","mn":"ADBE Vector Graphic - Stroke","hd":false},{"ty":"tr","p":{"a":0,"k":[0,0],"ix":2},"a":{"a":0,"k":[0,0],"ix":1},"s":{"a":0,"k":[100,100],"ix":3},"r":{"a":0,"k":0,"ix":6},"o":{"a":0,"k":100,"ix":7},"sk":{"a":0,"k":0,"ix":4},"sa":{"a":0,"k":0,"ix":5},"nm":"Transform"}],"nm":"Shape 1","np":2,"cix":2,"bm":0,"ix":1,"mn":"ADBE Vector Group","hd":false},{"ty":"tm","s":{"a":0,"k":100,"ix":1},"e":{"a":1,"k":[{"i":{"x":[0],"y":[1]},"o":{"x":[0.333],"y":[0]},"t":15,"s":[100]},{"t":45.0000018328876,"s":[0]}],"ix":2},"o":{"a":0,"k":0,"ix":3},"m":1,"ix":2,"nm":"Trim Paths 1","mn":"ADBE Vector Filter - Trim","hd":false}],"ip":15.0000006109625,"op":91.000003706506,"st":15.0000006109625,"bm":0},{"ddd":0,"ind":4,"ty":4,"nm":"New","tt":1,"sr":1,"ks":{"o":{"a":0,"k":100,"ix":11},"r":{"a":0,"k":0,"ix":10},"p":{"a":0,"k":[540,540,0],"ix":2},"a":{"a":0,"k":[936.429,222.916,0],"ix":1},"s":{"a":0,"k":[263.368,263.368,100],"ix":6}},"ao":0,"shapes":[{"ty":"gr","it":[{"ind":0,"ty":"sh","ix":1,"ks":{"a":1,"k":[{"i":{"x":0,"y":1},"o":{"x":0.333,"y":0},"t":19,"s":[{"i":[[0.001,0.026],[0,0],[0,0],[-5.714,0],[0,0],[0,0],[0.096,0],[0,-5.714],[0,0],[0,0],[0,-0.007],[0,0],[0,0],[-1.605,0.002],[-0.013,0],[-1.158,1.084]],"o":[[0,0],[0,0],[0,-5.714],[0,0],[0,0],[-0.095,-0.002],[-5.714,0],[0,0],[0,0],[-0.001,0.007],[0,0.021],[0,0],[1.167,1.103],[0.013,0],[1.587,0.018],[0,0]],"v":[[37.093,-92.792],[37.01,-91.751],[36.969,-92.105],[47.314,-102.452],[-36.686,-102.452],[-36.686,-102.437],[-36.968,-102.452],[-47.314,-92.105],[-47.19,-92.792],[-47.18,-92.792],[-47.183,-92.792],[-47.182,-92.792],[-9.517,-92.917],[-5.2,-91.212],[-5.161,-91.212],[-0.889,-92.897]],"c":true}]},{"t":45.0000018328876,"s":[{"i":[[0.001,0.026],[0,0],[0,0],[-5.714,0],[0,0],[0,0],[0.096,0],[0,-5.714],[0,0],[0,0],[0,-0.007],[0,0],[0,0],[-1.605,0.002],[-0.013,0],[-1.158,1.084]],"o":[[0,0],[0,0],[0,-5.714],[0,0],[0,0],[-0.095,-0.002],[-5.714,0],[0,0],[0,0],[-0.001,0.007],[0,0.021],[0,0],[1.167,1.103],[0.013,0],[1.587,0.018],[0,0]],"v":[[36.969,67.819],[36.969,57.47],[36.969,-92.105],[47.314,-102.452],[-36.686,-102.452],[-36.686,-102.437],[-36.968,-102.452],[-47.314,-92.105],[-47.314,67.819],[-47.305,67.819],[-47.307,67.819],[-47.307,67.819],[-9.63,100.729],[-5.313,102.434],[-5.273,102.434],[-1.001,100.749]],"c":true}]}],"ix":2},"nm":"Path 1","mn":"ADBE Vector Shape - Group","hd":false},{"ty":"fl","c":{"a":0,"k":[0.992156862745,0.439215686275,0.074509803922,1],"ix":4},"o":{"a":0,"k":100,"ix":5},"r":1,"bm":0,"nm":"Fill 1","mn":"ADBE Vector Graphic - Fill","hd":false},{"ty":"tr","p":{"a":0,"k":[932.973,237.223],"ix":2},"a":{"a":0,"k":[0,0],"ix":1},"s":{"a":0,"k":[100,100],"ix":3},"r":{"a":0,"k":0,"ix":6},"o":{"a":0,"k":100,"ix":7},"sk":{"a":0,"k":0,"ix":4},"sa":{"a":0,"k":0,"ix":5},"nm":"Transform"}],"nm":"Group 4","np":2,"cix":2,"bm":0,"ix":1,"mn":"ADBE Vector Group","hd":false}],"ip":15.0000006109625,"op":91.000003706506,"st":15.0000006109625,"bm":0},{"ddd":0,"ind":5,"ty":4,"nm":"Shape Layer 1","td":1,"sr":1,"ks":{"o":{"a":0,"k":100,"ix":11},"r":{"a":0,"k":0,"ix":10},"p":{"a":0,"k":[554,540.5,0],"ix":2},"a":{"a":0,"k":[14,0.5,0],"ix":1},"s":{"a":0,"k":[100,100,100],"ix":6}},"ao":0,"shapes":[{"ty":"gr","it":[{"ind":0,"ty":"sh","ix":1,"ks":{"a":0,"k":{"i":[[0,0],[0,0]],"o":[[0,0],[0,0]],"v":[[14,271],[14,-270]],"c":false},"ix":2},"nm":"Path 1","mn":"ADBE Vector Shape - Group","hd":false},{"ty":"st","c":{"a":0,"k":[0.113725490196,0.392156862745,0.423529411765,1],"ix":3},"o":{"a":0,"k":100,"ix":4},"w":{"a":0,"k":275,"ix":5},"lc":1,"lj":1,"ml":4,"bm":0,"nm":"Stroke 1","mn":"ADBE Vector Graphic - Stroke","hd":false},{"ty":"tr","p":{"a":0,"k":[0,0],"ix":2},"a":{"a":0,"k":[0,0],"ix":1},"s":{"a":0,"k":[100,100],"ix":3},"r":{"a":0,"k":0,"ix":6},"o":{"a":0,"k":100,"ix":7},"sk":{"a":0,"k":0,"ix":4},"sa":{"a":0,"k":0,"ix":5},"nm":"Transform"}],"nm":"Shape 1","np":3,"cix":2,"bm":0,"ix":1,"mn":"ADBE Vector Group","hd":false},{"ty":"tm","s":{"a":1,"k":[{"i":{"x":[0],"y":[1]},"o":{"x":[0.333],"y":[0]},"t":15,"s":[0]},{"t":45.0000018328876,"s":[61]}],"ix":1},"e":{"a":1,"k":[{"i":{"x":[0],"y":[1]},"o":{"x":[0.333],"y":[0]},"t":0,"s":[0]},{"t":30.0000012219251,"s":[100]}],"ix":2},"o":{"a":0,"k":0,"ix":3},"m":1,"ix":2,"nm":"Trim Paths 1","mn":"ADBE Vector Filter - Trim","hd":false}],"ip":0,"op":91.000003706506,"st":0,"bm":0},{"ddd":0,"ind":6,"ty":4,"nm":"New","tt":1,"sr":1,"ks":{"o":{"a":0,"k":100,"ix":11},"r":{"a":0,"k":0,"ix":10},"p":{"a":0,"k":[540,540,0],"ix":2},"a":{"a":0,"k":[936.429,222.916,0],"ix":1},"s":{"a":0,"k":[263.368,263.368,100],"ix":6}},"ao":0,"shapes":[{"ty":"gr","it":[{"ind":0,"ty":"sh","ix":1,"ks":{"a":0,"k":{"i":[[0,0],[0,0],[5.714,0],[0,0],[0,0],[-0.096,0],[0,-5.714],[0,0],[0,0],[0.095,0.003]],"o":[[0,0],[0,-5.714],[0,0],[0,0],[0.095,-0.003],[5.714,0],[0,0],[0,0],[-0.096,0],[0,0]],"v":[[-36.969,85.132],[-36.969,-74.788],[-47.315,-85.136],[36.685,-85.136],[36.685,-85.121],[36.968,-85.136],[47.314,-74.788],[47.314,85.132],[36.968,85.132],[36.685,85.132]],"c":true},"ix":2},"nm":"Path 1","mn":"ADBE Vector Shape - Group","hd":false},{"ty":"fl","c":{"a":0,"k":[0.223529411765,0.243137254902,0.274509803922,1],"ix":4},"o":{"a":0,"k":100,"ix":5},"r":1,"bm":0,"nm":"Fill 1","mn":"ADBE Vector Graphic - Fill","hd":false},{"ty":"tr","p":{"a":0,"k":[940.402,219.907],"ix":2},"a":{"a":0,"k":[0,0],"ix":1},"s":{"a":0,"k":[100,100],"ix":3},"r":{"a":0,"k":0,"ix":6},"o":{"a":0,"k":100,"ix":7},"sk":{"a":0,"k":0,"ix":4},"sa":{"a":0,"k":0,"ix":5},"nm":"Transform"}],"nm":"Group 2","np":2,"cix":2,"bm":0,"ix":1,"mn":"ADBE Vector Group","hd":false}],"ip":0,"op":91.000003706506,"st":0,"bm":0}],"markers":[]}